{"train_samples_per_second":4.627,"train/epoch":14.810126582278482,"train/learning_rate":0,"_step":585,"train/global_step":585,"train/loss":1.1612,"_runtime":32572.705993975,"_timestamp":1.7324025593906817e+09,"train_runtime":32567.7538,"_wandb":{"runtime":32572},"train/grad_norm":0.20073719322681427,"train_steps_per_second":0.018,"train_loss":1.3135437973544128,"total_flos":1.6202459975865078e+18}